fundCode,fundName,reportType,reportDate,pdrPeriod,file,sourceUrl
BPZ,BULLS PORTFÖY PARA PİYASASI (TL) FONU,,,,BPZ_BPZ_2026.08.pdf,https://www.kap.org.tr/tr/Bildirim/1659086
BMU,BULLS PORTFÖY MUTLAK GETİRİ HEDEFLİ HİSSE SENEDİ SERBEST FON (HİSSE SENEDİ YOĞUN FON),,,,BMU_BMU Haftalık Fon Portföy Dağılım Raporu.pdf,https://www.kap.org.tr/tr/Bildirim/1662950
BOS,BULLS PORTFÖY ALTINCI HİSSE SENEDİ SERBEST FON (HİSSE SENEDİ YOĞUN FON) ________________________________________________________________________________________________________________________________________________________________________,Portföy Dağılım Raporu,15.09.2026 16:04:41,2026/36,BOS_BOS Haftalık Fon Portföy Dağılım Raporu.pdf,https://www.kap.org.tr/tr/Bildirim/1662948
TLY,TERA PORTFÖY BİRİNCİ SERBEST FON,Portföy Dağılım Raporu,09.09.2026 18:00:07,2026/35,TLY_TLY_2026.08.pdf,https://www.kap.org.tr/tr/Bildirim/1661170
DOH,TERA PORTFÖY DÖRDÜNCÜ HİSSE SENEDİ SERBEST (TL) FON (HİSSE SENEDİ YOĞUN FON),Portföy Dağılım Raporu,09.09.2026 18:00:07,2026/35,DOH_DOH.pdf,https://www.kap.org.tr/tr/Bildirim/1661174
TLV,TERA PORTFÖY PARA PİYASASI KATILIM (TL) FONU,Portföy Dağılım Raporu,02.09.2026 11:02:16,2026/8,TLV_TLV_2026.08.pdf,https://www.kap.org.tr/tr/Bildirim/1657115
TP2,TERA PORTFÖY PARA PİYASASI (TL) FONU,Portföy Dağılım Raporu,02.09.2026 11:02:16,2026/8,TP2_TP2_2026.08.pdf,https://www.kap.org.tr/tr/Bildirim/1657110
PKD,PUSULA PORTFÖY İKİNCİ KATILIM HİSSE SENEDİ SERBEST FON (HİSSE SENEDİ YOĞUN FON),Portföy Dağılım Raporu,16.09.2026 22:21:56,2026/36,PKD_PKD Fon Aylık Raporu.pdf,https://www.kap.org.tr/tr/Bildirim/1664369
PKM,PUSULA PORTFÖY PARA PİYASASI KATILIM (TL) FONU,Portföy Dağılım Raporu,08.09.2026 17:11:30,2026/8,PKM_PKM_2026.08.pdf,https://www.kap.org.tr/tr/Bildirim/1660305
PNU,PUSULA PORTFÖY İKİNCİ PARA PİYASASI (TL) FONU,Portföy Dağılım Raporu,08.09.2026 17:11:30,2026/8,PNU_PNU_2026.08.pdf,https://www.kap.org.tr/tr/Bildirim/1660306
PRY,PUSULA PORTFÖY PARA PİYASASI (TL) FONU,Portföy Dağılım Raporu,08.09.2026 17:11:30,2026/8,PRY_PRY_2026.08.pdf,https://www.kap.org.tr/tr/Bildirim/1660307
AP5,ATLAS PORTFÖY BEŞİNCİ HİSSE SENEDİ SERBEST FON (HİSSE SENEDİ YOĞUN FON),Portföy Dağılım Raporu,16.09.2026 18:18:45,2026/36,AP5_AP5_Portföy Dağılım Raporu.pdf,https://www.kap.org.tr/tr/Bildirim/1664237
BSH,ATLAS PORTFÖY BANKACILIK SEKTÖRÜ HİSSE SENEDİ SERBEST FON (HİSSE SENEDİ YOĞUN FON),Portföy Dağılım Raporu,16.09.2026 18:18:54,2026/36,BSH_BSH_Portföy Dağılım Raporu.pdf,https://www.kap.org.tr/tr/Bildirim/1664238
BTJ,ATLAS PORTFÖY İSTATİSTİKSEL ARBİTRAJ HİSSE SENEDİ SERBEST FON (HİSSE SENEDİ YOĞUN FON),Portföy Dağılım Raporu,16.09.2026 18:19:14,2026/36,BTJ_BTJ_Portföy Dağılım Raporu.pdf,https://www.kap.org.tr/tr/Bildirim/1664250
KLH,ATLAS PORTFÖY KATILIM HİSSE SENEDİ SERBEST FON (HİSSE SENEDİ YOĞUN FON),Portföy Dağılım Raporu,16.09.2026 18:17:35,2026/36,KLH_KLH_Portföy Dağılım Raporu.pdf,https://www.kap.org.tr/tr/Bildirim/1664217
DFI,ATLAS PORTFÖY SERBEST FON,Portföy Dağılım Raporu,16.09.2026 18:19:25,2026/36,DFI_DFI_Portföy Dağılım Raporu.pdf,https://www.kap.org.tr/tr/Bildirim/1664251
PPT,ATLAS PORTFÖY PARA PİYASASI (TL) FONU,Portföy Dağılım Raporu,08.09.2026 14:04:17,2026/8,PPT_PPT FON 2026 AĞUSTOS POTRTFÖY DAĞILIM RAPORU.pdf,https://www.kap.org.tr/tr/Bildirim/1660024
PSE,ATLAS PORTFÖY PARA PİYASASI SERBEST FON,Portföy Dağılım Raporu,16.09.2026 18:18:32,2026/36,PSE_PSE_Portföy Dağılım Raporu.pdf,https://www.kap.org.tr/tr/Bildirim/1664228
SNY,ATLAS PORTFÖY SANAYİ SEKTÖRÜ HİSSE SENEDİ SERBEST FON (HİSSE SENEDİ YOĞUN FON),Portföy Dağılım Raporu,16.09.2026 18:17:12,2026/36,SNY_SNY_Portföy Dağılım Raporu.pdf,https://www.kap.org.tr/tr/Bildirim/1664215
DUH,HEDEF PORTFÖY UFUK HİSSE SENEDİ SERBEST FON (HİSSE SENEDİ YOĞUN FON),Portföy Dağılım Raporu,16.09.2026 18:19:02,2026/36,DUH_DUH_2026.09.pdf,https://www.kap.org.tr/tr/Bildirim/1664239
FNT,HEDEF PORTFÖY MODEL HİSSE SENEDİ SERBEST (TL) FON (HİSSE SENEDİ YOĞUN FON),Portföy Dağılım Raporu,16.09.2026 18:19:02,2026/36,FNT_FNT_2026.09.pdf,https://www.kap.org.tr/tr/Bildirim/1664240
HAT,HEDEF PORTFÖY ATLAS İSTATİSTİKSEL ARBİTRAJ HİSSE SENEDİ SERBEST FON (HİSSE SENEDİ YOĞUN FON),Portföy Dağılım Raporu,16.09.2026 18:19:02,2026/36,HAT_HAT_2026.09.pdf,https://www.kap.org.tr/tr/Bildirim/1664241
HDA,HEDEF PORTFÖY DÖRDÜNCÜ İSTATİSTİKSEL ARBİTRAJ HİSSE SENEDİ SERBEST (TL) FON (HİSSE SENEDİ YOĞUN FON),Portföy Dağılım Raporu,16.09.2026 18:19:02,2026/36,HDA_HDA_2026.09.pdf,https://www.kap.org.tr/tr/Bildirim/1664242
HDK,HEDEF PORTFÖY VEGA İSTATİSTİKSEL ARBİTRAJ HİSSE SENEDİ SERBEST FON (HİSSE SENEDİ YOĞUN FON),Portföy Dağılım Raporu,16.09.2026 18:19:02,2026/36,HDK_HDK_2026.09.pdf,https://www.kap.org.tr/tr/Bildirim/1664243
HEH,HEDEF PORTFÖY ALGO EVEREST İSTATİSTİKSEL ARBİTRAJ HİSSE SENEDİ SERBEST FON (HİSSE SENEDİ YOĞUN FON),Portföy Dağılım Raporu,16.09.2026 18:19:03,2026/36,HEH_HEH_2026.09.pdf,https://www.kap.org.tr/tr/Bildirim/1664244
HFI,HEDEF PORTFÖY İKİNCİ KATILIM HİSSE SENEDİ SERBEST FON (HİSSE SENEDİ YOĞUN FON),Portföy Dağılım Raporu,16.09.2026 18:19:03,2026/36,HFI_HFI_2026.09.pdf,https://www.kap.org.tr/tr/Bildirim/1664245
HIM,HEDEF PORTFÖY BİRİNCİ İSTATİSTİKSEL ARBİTRAJ HİSSE SENEDİ SERBEST FON (HİSSE SENEDİ YOĞUN FON),Portföy Dağılım Raporu,16.09.2026 18:17:40,2026/36,HIM_HIM_2026.09.pdf,https://www.kap.org.tr/tr/Bildirim/1664219
HKJ,HEDEF PORTFÖY PARA PİYASASI SERBEST FON,Portföy Dağılım Raporu,17.09.2026 00:03:18,2026/37,HKJ_HKJ_2026.09.16.pdf,https://www.kap.org.tr/tr/Bildirim/1664373
HKM,HEDEF PORTFÖY BAŞAK HİSSE SENEDİ SERBEST (TL) FON (HİSSE SENEDİ YOĞUN FON) ________________________________________________________________________________________________________________________________________________________________________,Portföy Dağılım Raporu,16.09.2026 18:17:40,2026/36,HKM_HKM_2026.09.pdf,https://www.kap.org.tr/tr/Bildirim/1664221
HYV,HEDEF PORTFÖY PARA PİYASASI (TL) FONU,Portföy Dağılım Raporu,02.09.2026 17:51:35,2026/8,HYV_HYV_2026.08.pdf,https://www.kap.org.tr/tr/Bildirim/1657434
HPH,HEDEF PORTFÖY PARA PİYASASI KATILIM FONU,Portföy Dağılım Raporu,02.09.2026 17:51:35,2026/8,HPH_HPH_2026.08.pdf,https://www.kap.org.tr/tr/Bildirim/1657431
KSA,HEDEF PORTFÖY KISA VADELİ SERBEST FON,Portföy Dağılım Raporu,17.09.2026 00:03:00,2026/37,KSA_KSA_2026.09.16.pdf,https://www.kap.org.tr/tr/Bildirim/1664372
AJ1,A1 CAPİTAL PORTFÖY İSTATİSTİKSEL ARBİTRAJ HİSSE SENEDİ SERBEST FON (HİSSE SENEDİ YOĞUN FON),Portföy Dağılım Raporu,15.09.2026 09:38:48,2026/36,AJ1_AJ1_2026.09.pdf,https://www.kap.org.tr/tr/Bildirim/1662682
CAH,A1 CAPİTAL PORTFÖY HİSSE SENEDİ SERBEST FON (HİSSE SENEDİ YOĞUN FON),Portföy Dağılım Raporu,15.09.2026 09:38:48,2026/36,CAH_CAH_2026.09.pdf,https://www.kap.org.tr/tr/Bildirim/1662683
P1A,A1 CAPİTAL PORTFÖY PARA PİYASASI (TL) SERBEST FON,Portföy Dağılım Raporu,15.09.2026 09:38:48,2026/36,P1A_P1A_2026.09.pdf,https://www.kap.org.tr/tr/Bildirim/1662685
PAB,A1 CAPİTAL PORTFÖY PARA PİYASASI (TL) FONU,Portföy Dağılım Raporu,07.09.2026 12:44:27,2026/8,PAB_PAB_2026.08.pdf,https://www.kap.org.tr/tr/Bildirim/1659461
AC5,PARDUS PORTFÖY İSTATİSTİKSEL ARBİTRAJ HİSSE SENEDİ SERBEST (TL) FON (HİSSE SENEDİ YOĞUN FON),Portföy Dağılım Raporu,15.09.2026 18:13:44,2026/36,AC5_AC5_2026.09.pdf,https://www.kap.org.tr/tr/Bildirim/1663172
KHA,PARDUS PORTFÖY İKİNCİ HİSSE SENEDİ (TL) FONU (HİSSE SENEDİ YOĞUN FON),Portföy Dağılım Raporu,03.09.2026 18:18:10,2026/8,KHA_KHA_2026.08.pdf,https://www.kap.org.tr/tr/Bildirim/1658599
BRT,PARDUS PORTFÖY BEREKET HİSSE SENEDİ SERBEST FON (HİSSE SENEDİ YOĞUN FON),Portföy Dağılım Raporu,15.09.2026 18:13:44,2026/36,BRT_BRT_2026.09.pdf,https://www.kap.org.tr/tr/Bildirim/1663175
BST,PARDUS PORTFÖY BANKACILIK SEKTÖRÜ DIŞI ŞİRKETLER HİSSE SENEDİ SERBEST (TL) FON (HİSSE SENEDİ YOĞUN FON),Portföy Dağılım Raporu,15.09.2026 18:13:44,2026/36,BST_BST_2026.09.pdf,https://www.kap.org.tr/tr/Bildirim/1663176
IAU,PARDUS PORTFÖY İKİNCİ İSTATİSTİKSEL ARBİTRAJ HİSSE SENEDİ SERBEST (TL) FON (HİSSE SENEDİ YOĞUN FON),Portföy Dağılım Raporu,15.09.2026 18:13:44,2026/36,IAU_IAU_2026.09.pdf,https://www.kap.org.tr/tr/Bildirim/1663177
PAO,PARDUS PORTFÖY ANADOLU HİSSE SENEDİ SERBEST FON (HİSSE SENEDİ YOĞUN FON),Portföy Dağılım Raporu,15.09.2026 18:13:44,2026/36,PAO_PAO_2026.09.pdf,https://www.kap.org.tr/tr/Bildirim/1663178
PMP,PARDUS PORTFÖY MODEL PORTFÖY HİSSE SENEDİ SERBEST FON (HİSSE SENEDİ YOĞUN FON),Portföy Dağılım Raporu,15.09.2026 18:13:44,2026/36,PMP_PMP_2026.09.pdf,https://www.kap.org.tr/tr/Bildirim/1663182
PO9,PARDUS PORTFÖY ONDOKUZUNCU HİSSE SENEDİ SERBEST FON (HİSSE SENEDİ YOĞUN FON),Portföy Dağılım Raporu,15.09.2026 18:13:44,2026/36,PO9_PO9_2026.09.pdf,https://www.kap.org.tr/tr/Bildirim/1663183
POS,PARDUS PORTFÖY ONBEŞİNCİ HİSSE SENEDİ SERBEST (TL) FON (HİSSE SENEDİ YOĞUN FON),Portföy Dağılım Raporu,15.09.2026 18:13:44,2026/36,POS_POS_2026.09.pdf,https://www.kap.org.tr/tr/Bildirim/1663184
PYR,PARDUS PORTFÖY YİRMİNCİ HİSSE SENEDİ SERBEST FON (HİSSE SENEDİ YOĞUN FON),Portföy Dağılım Raporu,15.09.2026 18:13:44,2026/36,PYR_PYR_2026.09.pdf,https://www.kap.org.tr/tr/Bildirim/1663185
AC4,PARDUS PORTFÖY PARA PİYASASI (TL) FON,Portföy Dağılım Raporu,03.09.2026 18:18:09,2026/8,AC4_AC4_2026.08.pdf,https://www.kap.org.tr/tr/Bildirim/1658593
